rewards,exploration,run
-164245.99,0.2,0
-73380.18000000001,0.2,1
-131836.08,0.19800947156046594,2
