rewards,exploration,run
-222.70594,1.0,1
-216.37162,1.0,2
-304.38198,0.7783627172668048,3
-233.15858,0.6058485196309628,4
-216.9961,0.47156989999202636,5
-228.84994,0.36705242873902766,6
-200.25876,0.28569992581268916,7
-284.76208,0.22237817057848835,8
-363.91257999999993,0.17309087711229282,9
-234.84992,0.13472748544321805,10
